t,IgM,IgG
10,3.21933333333333,9.16822222222222
16,10.2355307692308,22.8921307692308
22,12.3391267605634,31.49
29,9.54328571428571,21.9178571428571
